﻿<?xml version="1.0" encoding="utf-8"?>
<?xml-stylesheet type="text/xsl" href="cda.xsl"?>
<ClinicalDocument xmlns:xsi="http://www.w3.org/2001/XMLSchema-instance" xmlns="urn:hl7-org:v3" xmlns:voc="urn:hl7-org:v3/voc" xmlns:sdtc="urn:hl7-org:sdtc">
  <!-- QRDA Header -->
  <realmCode code="US"/>
  <typeId root="2.16.840.1.113883.1.3" extension="POCD_HD000040"/>
  <!-- US Realm Header Template Id -->
  <templateId root="2.16.840.1.113883.10.20.22.1.1"/>
  <!-- QRDA templateId -->
  <templateId root="2.16.840.1.113883.10.20.24.1.1"/>
  <!-- QDM-based QRDA templateId -->
  <templateId root="2.16.840.1.113883.10.20.24.1.2"/>
  <!-- This is the globally unique identifier for this QRDA document -->
  <id root="5b010313-eff2-432c-9909-6193d8416fac"/>
  <!-- QRDA document type code -->
  <code code="55182-0" codeSystem="2.16.840.1.113883.6.1" codeSystemName="LOINC" displayName="Quality Measure Report"/>
  <title>QRDA Incidence Report</title>
  <!-- This is the document creation time -->
  <effectiveTime value="20141215044714"/>
  <confidentialityCode code="N" codeSystem="2.16.840.1.113883.5.25"/>
  <languageCode code="eng"/>
  <!-- reported patient -->
  <recordTarget>
    <patientRole>
      <!-- id root="Cypress" extension=""/ -->
      <!-- axiUm PatientID number -->
      <id extension="804092" root="2.16.840.1.113883.4.572"/>
      <addr use="HP">
        <streetAddressLine></streetAddressLine>
        <city></city>
        <state></state>
        <postalCode></postalCode>
        <country></country>
      </addr>
      <telecom use="HP" value="tel:+1--"/>
      <patient>
        <name>
          <given>Jasmine</given>
          <family>Montgomery</family>
        </name>
        <administrativeGenderCode code="F" codeSystem="2.16.840.1.113883.5.1" codeSystemName="HL7 AdministrativeGender"/>
        <birthTime value="20061211000000"/>
        <raceCode code="1002-5" displayName="American Indian or Alaska Native" codeSystemName="CDC Race and Ethnicity" codeSystem="2.16.840.1.113883.6.238"/>
        <ethnicGroupCode code="2186-5" displayName="Not Hispanic or Latino" codeSystemName="CDC Race and Ethnicity" codeSystem="2.16.840.1.113883.6.238"/>
        <languageCommunication>
          <templateId root="2.16.840.1.113883.3.88.11.83.2" assigningAuthorityName="HITSP/C83"/>
          <templateId root="1.3.6.1.4.1.19376.1.5.3.1.2.1" assigningAuthorityName="IHE/PCC"/>
          <languageCode code="UNK"/>
        </languageCommunication>
      </patient>
    </patientRole>
  </recordTarget>
  <author>
    <time value="20141215044714"/>
    <assignedAuthor>
      <!-- id extension="Exan" root="2.16.840.1.113883.19.5"/ -->
      <!-- NPI -->
      <id extension="" root="2.16.840.1.113883.4.6"/>
      <addr>
        <streetAddressLine></streetAddressLine>
        <city></city>
        <state></state>
        <postalCode></postalCode>
        <country></country>
      </addr>
      <telecom use="WP" value="tel:+1--"/>
      <assignedAuthoringDevice>
        <manufacturerModelName>Exan Software</manufacturerModelName>
        <softwareName>axiUm</softwareName>
      </assignedAuthoringDevice>
    </assignedAuthor>
  </author>
  <custodian>
    <assignedCustodian>
      <representedCustodianOrganization>
        <id root="2.16.840.1.113883.19.5"/>
        <name>Get Well Clinic (v6.00)</name>
        <telecom use="WP" value="tel:+1--"/>
        <addr>
          <streetAddressLine></streetAddressLine>
          <city></city>
          <state></state>
          <postalCode></postalCode>
          <country></country>
        </addr>
      </representedCustodianOrganization>
    </assignedCustodian>
  </custodian>
  <legalAuthenticator>
    <time value="20141215044714"/>
    <signatureCode code="S"/>
    <assignedEntity>
      <id root="bc01a5d1-3a34-4286-82cc-43eb04c972a7"/>
      <addr>
        <streetAddressLine></streetAddressLine>
        <city></city>
        <state></state>
        <postalCode></postalCode>
        <country></country>
      </addr>
      <telecom use="WP" value="tel:+1--"/>
      <assignedPerson>
        <name>
          <given>Jason</given>
          <family>Terry</family>
        </name>
      </assignedPerson>
      <representedOrganization>
        <id root="2.16.840.1.113883.19.5"/>
        <name>Get Well Clinic (v6.00)</name>
      </representedOrganization>
    </assignedEntity>
  </legalAuthenticator>

  <!-- TODO: This is where the provider information will go.
       It is currently hard coded, but should be replaced with the providers
       and the time over which they are performing. --> 
  <documentationOf typeCode="DOC">
    <serviceEvent classCode="PCPR"> <!-- care provision -->
      <effectiveTime>
        <low value="20130101000000"/>
        <high value="20131231000000"/>
      </effectiveTime>
      <!-- You can include multiple performers, each with an NPI, TIN, CCN. -->
      <performer typeCode="PRF">
        <time>
          <low value="20130101000000"/>
          <high value="20131231000000"/>
        </time>
        <assignedEntity>
          <!-- This is the provider NPI -->
          <id root="2.16.840.1.113883.4.6" extension="" />
          <representedOrganization>
            <!-- This is the organization TIN -->
            <id root="2.16.840.1.113883.4.2" extension="" />
            <!-- This is the organization CCN -->
            <id root="2.16.840.1.113883.4.336" extension="123456789" />
          </representedOrganization>
        </assignedEntity>
      </performer>
    </serviceEvent>
  </documentationOf>
  <component>
    <structuredBody>
      <component>
        <section>
          <!-- 
            *****************************************************************
            Measure Section
            *****************************************************************
          -->
          <!-- This is the templateId for Measure Section -->
          <templateId root="2.16.840.1.113883.10.20.24.2.2"/>
          <!-- This is the templateId for Measure Section QDM -->
          <templateId root="2.16.840.1.113883.10.20.24.2.3"/>
          <!-- This is the LOINC code for "Measure document". This stays the same for all measure section required by QRDA standard -->
          <code code="55186-1" codeSystem="2.16.840.1.113883.6.1"/>
          <title>Measure Section</title>
          <text>
            <table border="1" width="100%">
              <thead>
                <tr>
                  <th>eMeasure Title</th>
                  <th>Version neutral identifier</th>
                  <th>eMeasure Version Number</th>
                  <th>Version specific identifier</th>
                </tr>
              </thead>
              <tbody>
                <tr>
                  <td>Oral Health Sealant for Children between 6 - 9 years</td>
                  <td>D7D491CD-FAF0-4B5C-8176-30DE7ED48E3F</td>
                  <td>0</td>
                  <td>D7D491CD-FAF0-4B5C-8176-30DE7ED48E3F</td>
                  <td></td>
                </tr>
              </tbody>
            </table>
          </text>
          <!-- 1..* Organizers, each containing a reference to an eMeasure -->
          <entry>
            <organizer classCode="CLUSTER" moodCode="EVN">
              <!-- This is the templateId for Measure Reference -->
              <templateId root="2.16.840.1.113883.10.20.24.3.98"/>
              <!-- This is the templateId for eMeasure Reference QDM -->
              <templateId root="2.16.840.1.113883.10.20.24.3.97"/>
              <statusCode code="completed"/>
              <!-- Containing isBranch external references -->
              <reference typeCode="REFR">
                <externalDocument classCode="DOC" moodCode="EVN">
                  <!-- SHALL: This is the version specific identifier for eMeasure: QualityMeasureDocument/id it is a GUID-->
                  <id root="D7D491CD-FAF0-4B5C-8176-30DE7ED48E3F"/>
                  <!-- SHOULD This is the title of the eMeasure -->
                  <text>Oral Health Sealant for Children between 6 - 9 years</text>
                  <!-- SHOULD: setId is the eMeasure version neutral id  -->
                  <setId root="D7D491CD-FAF0-4B5C-8176-30DE7ED48E3F"/>
                  <!-- This is the sequential eMeasure Version number -->
                  <versionNumber value="0"/>
                </externalDocument>
              </reference>
            </organizer>
          </entry>
        </section>
      </component>
      <component>
        <section>
          <!-- This is the templateId for Reporting Parameters section -->
          <templateId root="2.16.840.1.113883.10.20.17.2.1"/>
          <code code="55187-9" codeSystem="2.16.840.1.113883.6.1"/>
          <title>Reporting Parameters</title>
          <text>
            <list>
              <item>Reporting period: January 01, 2013 00:00 - December 31, 2013 23:59</item>
            </list>
          </text>
          <entry typeCode="DRIV">
            <act classCode="ACT" moodCode="EVN">
              <!-- This is the templateId for Reporting Parameteres Act -->
              <templateId root="2.16.840.1.113883.10.20.17.3.8"/>
              <code code="252116004" codeSystem="2.16.840.1.113883.6.96" displayName="Observation Parameters"/>
              <effectiveTime>
                <low value="20130101000000"/>
                <high value="20131231235959"/>
              </effectiveTime>
            </act>
          </entry>
        </section>
      </component>
      <component>
        <section>
          <!-- This is the templateId for Patient Data section -->
          <templateId root="2.16.840.1.113883.10.20.17.2.4"/>
          <!-- This is the templateId for Patient Data QDM section -->
          <templateId root="2.16.840.1.113883.10.20.24.2.1"/>
          <code code="55188-7" codeSystem="2.16.840.1.113883.6.1"/>
          <title>Patient Data</title>
          <text></text>
          <entry>
            <encounter classCode="ENC" moodCode="EVN">
              <!--  Encounter activities template -->
              <templateId root="2.16.840.1.113883.10.20.22.4.49"/>
              <!-- Encounter performed template -->
              <templateId root="2.16.840.1.113883.10.20.24.3.23"/>
              <id root="1.3.6.1.4.1.115" extension="1172751"/>
              <code code="0120" codeSystem="2.16.840.1.113883.6.13" sdtc:valueSet="NO_UID_FOUND">
                <originalText>Encounter, Performed: Office Visit</originalText>
              </code>
              <text>Encounter, Performed: Office Visit</text>
              <statusCode code="completed"/>
              <effectiveTime>
                <!-- We try to look for the admit/discharge times on the encounter if they are
                     there. If not, we fall back to the typical start/end date. -->
                <low value="20130117000000"/>
                <high value="20130117000000"/>
              </effectiveTime>
            </encounter>
          </entry>
          <entry>
            <observation classCode="OBS" moodCode="EVN">
              <!--  Problem observation template -->
              <templateId root="2.16.840.1.113883.10.20.22.4.4"/>
              <!--  Diagnosis active template -->
              <templateId root="2.16.840.1.113883.10.20.24.3.11"/>
              <id root="1.3.6.1.4.1.115" extension="2537"/>
              <code code="282291009" displayName="Diagnosis" codeSystem="2.16.840.1.113883.6.96" codeSystemName="SNOMED-CT"/>
              <text>Diagnosis, Active: At high risk for dental caries</text>
              <statusCode code="completed"/>
              <effectiveTime>
                <!-- Attribute: admission datetime -->
                <low value="20130117000000"/>
                <!-- Attribute: discharge datetime -->
                <high nullFlavor="UNK"/>
              </effectiveTime>
              <value code="609402003" codeSystem="2.16.840.1.113883.6.96" xsi:type="CD" sdtc:valueSet="2.16.840.1.113762.1.4.1065.4">
                <originalText>Diagnosis, Active: At high risk for dental caries</originalText>
              </value>
              <entryRelationship typeCode="REFR">
                <observation classCode="OBS" moodCode="EVN">
                  <!-- Problem Status (consolidation) template -->
                  <templateId root="2.16.840.1.113883.10.20.22.4.6"/>
                  <!-- Problem Status, Active template -->
                  <templateId root="2.16.840.1.113883.10.20.24.3.94"/>
                  <id root="2.16.840.1.113883.3.1496"/>
                  <code code="33999-4" codeSystem="2.16.840.1.113883.6.1" codeSystemName="LOINC" displayName="Status" />
                  <statusCode code="completed"/>
                  <value xsi:type="CD" code="55561003" displayName="Active" codeSystem="2.16.840.1.113883.6.96" codeSystemName="SNOMED CT"/>
                </observation>
              </entryRelationship>
            </observation>
          </entry>
          <entry>
            <procedure classCode="PROC" moodCode="EVN">
              <!--  Procedure performed template -->
              <templateId root="2.16.840.1.113883.10.20.24.3.64"/>
              <!-- Procedure Activity Procedure-->
              <templateId root="2.16.840.1.113883.10.20.22.4.14"/>
              <id root="1.3.6.1.4.1.115" extension="1172751"/>
              <code code="0120" codeSystem="2.16.840.1.113883.6.13" sdtc:valueSet="2.16.840.1.113762.1.4.1009.2">
                <originalText>Procedure, Performed: Periodic oral evaluation</originalText>
              </code>
              <text>Procedure, Performed: Periodic oral evaluation</text>
              <statusCode code="completed"/>
              <effectiveTime>
                <low value="20130117000000"/>
                <high value="20130117000000"/>
              </effectiveTime>
            </procedure>
          </entry>
          <entry>
            <!-- Patient Characteristic Payer -->
            <observation classCode="OBS" moodCode="EVN">
              <templateId root="2.16.840.1.113883.10.20.24.3.55"/>
              <id root="1.3.6.1.4.1.115" extension="804092"/>
              <code code="48768-6" codeSystemName="LOINC" codeSystem="2.16.840.1.113883.6.1" displayName="Payment source"/> 
              <statusCode code="completed"/>
              <value code="349" codeSystem="2.16.840.1.113883.3.221.5" xsi:type="CD" sdtc:valueSet="2.16.840.1.114222.4.11.3591">
                <originalText></originalText>
              </value>
            </observation>
          </entry>
        </section>
      </component>
    </structuredBody>
  </component>
</ClinicalDocument>
